ID Geography,Geography,state_code,Population (2013),Population (2014),Population (2015),Population (2016),Population (2017),Population (2018),Population (2019)
"05000US01003","Baldwin County",AL,195540,200111,203709,208563,212628,218022,223234
"05000US01015","Calhoun County",AL,116736,115916,115620,114611,114728,114277,113605
"05000US01043","Cullman County",AL,80811,81289,82005,82471,82755,83442,83768
"05000US01049","DeKalb County",AL,71013,71065,71130,70900,71617,71385,71513
"05000US01051","Elmore County",AL,80902,80977,81468,81799,81677,81887,81209
"05000US01055","Etowah County",AL,103931,103531,103057,102564,102755,102501,102268
"05000US01069","Houston County",AL,103668,104193,104173,104056,104346,104722,105882
"05000US01073","Jefferson County",AL,659479,660793,660367,659521,659197,659300,658573
"05000US01077","Lauderdale County",AL,92797,93096,92596,92318,92538,92387,92729
"05000US01081","Lee County",AL,150933,154255,156993,158991,161604,163941,164542
"05000US01083","Limestone County",AL,88845,90787,91663,92753,94402,96174,98915
"05000US01089","Madison County",AL,346892,350299,353089,356967,361046,366519,372909
"05000US01095","Marshall County",AL,94760,94636,94725,95157,95548,96109,96774
"05000US01097","Mobile County",AL,414079,415123,415395,414836,413955,413757,413210
"05000US01101","Montgomery County",AL,226659,226189,226519,226349,226646,225763,226486
"05000US01103","Morgan County",AL,119787,119607,119565,119012,118818,119089,119679
"05000US01115","St. Clair County",AL,86308,86697,87074,88019,88199,88690,89512
"05000US01117","Shelby County",AL,204180,206655,208713,210622,213605,215707,217702
"05000US01121","Talladega County",AL,81096,81322,80862,80103,80065,79828,79978
"05000US01125","Tuscaloosa County",AL,200821,202212,203976,206102,207811,208911,209355
"05000US01127","Walker County",AL,65998,65471,65294,64967,64058,63711,63521
"05000US02020","Anchorage Municipality",AK,300950,301010,298695,298192,294356,291538,288000
"05000US02090","Fairbanks North Star Borough",AK,100436,99357,99631,100605,99703,98971,96849
"05000US02170","Matanuska-Susitna Borough",AK,95192,97882,101095,104365,106532,107610,108317
"05000US04001","Apache County",AZ,71934,71828,71474,73112,71606,71818,71887
"05000US04003","Cochise County",AZ,129473,127448,126427,125770,124756,126770,125922
"05000US04005","Coconino County",AZ,136539,137682,139097,140908,140776,142854,143476
"05000US04013","Maricopa County",AZ,4009412,4087191,4167947,4242997,4307033,4410824,4485414
"05000US04015","Mohave County",AZ,203030,203361,204737,205249,207200,209550,212181
"05000US04017","Navajo County",AZ,107322,108101,108277,110026,108956,110445,110924
"05000US04019","Pima County",AZ,996554,1004516,1010025,1016206,1022769,1039073,1047279
"05000US04021","Pinal County",AZ,389350,401918,406584,418540,430237,447138,462789
"05000US04025","Yavapai County",AZ,215133,218844,222255,225562,228168,231993,235099
"05000US04027","Yuma County",AZ,201201,203247,204275,205631,207534,212128,213787
"05000US05007","Benton County",AR,237297,242321,249672,258291,266300,272608,279141
"05000US05031","Craighead County",AR,101488,102518,104354,105835,107115,108558,110332
"05000US05045","Faulkner County",AR,119580,120768,121552,122227,123654,124806,126007
"05000US05051","Garland County",AR,97173,97322,97177,97477,98658,99154,99386
"05000US05069","Jefferson County",AR,73191,72297,71565,70016,69115,68114,66824
"05000US05085","Lonoke County",AR,70753,71557,71645,72228,72898,73657,73309
"05000US05119","Pulaski County",AR,391284,392702,392664,393250,393956,392680,391911
"05000US05125","Saline County",AR,114404,115719,117460,118703,119323,121421,122437
"05000US05131","Sebastian County",AR,127342,126776,127780,127793,128107,127753,127827
"05000US05143","Washington County",AR,216410,220792,225477,228049,231996,236961,239187
"05000US05145","White County",AR,78483,78592,79161,79263,79016,78727,78753
"05000US06001","Alameda County",CA,1578891,1610921,1638215,1647704,1663190,1666753,1671329
"05000US06007","Butte County",CA,222090,224241,225411,226864,229294,231256,219186
"05000US06013","Contra Costa County",CA,1094205,1111339,1126745,1135127,1147439,1150215,1153526
"05000US06017","El Dorado County",CA,181737,183087,184452,185625,188987,190678,192843
"05000US06019","Fresno County",CA,955272,965974,974861,979915,989255,994400,999101
"05000US06023","Humboldt County",CA,134493,134809,135727,136646,136754,136373,135558
"05000US06025","Imperial County",CA,176584,179091,180191,180883,182830,181827,181215
"05000US06029","Kern County",CA,864124,874589,882176,884788,893119,896764,900202
"05000US06031","Kings County",CA,150960,150269,150965,149785,150101,151366,152940
"05000US06033","Lake County",CA,63860,64184,64591,64116,64246,64382,64386
"05000US06037","Los Angeles County",CA,10017068,10116705,10170292,10137915,10163507,10105518,10039107
"05000US06039","Madera County",CA,152389,154548,154998,154697,156890,157672,157327
"05000US06041","Marin County",CA,258365,260750,261221,260651,260955,259666,258826
"05000US06045","Mendocino County",CA,87192,87869,87649,87628,88018,87606,86749
"05000US06047","Merced County",CA,263228,266353,268455,268672,272673,274765,277680
"05000US06053","Monterey County",CA,428826,431344,433898,435232,437907,435594,434061
"05000US06055","Napa County",CA,140326,141667,142456,142166,140973,139417,137744
"05000US06057","Nevada County",CA,98200,98893,98877,99107,99814,99696,99755
"05000US06059","Orange County",CA,3114363,3145515,3169776,3172532,3190400,3185968,3175692
"05000US06061","Placer County",CA,367309,371694,375391,380531,386166,393149,398329
"05000US06065","Riverside County",CA,2292507,2329271,2361026,2387741,2423266,2450758,2470546
"05000US06067","Sacramento County",CA,1462131,1482026,1501335,1514460,1530615,1540975,1552058
"05000US06071","San Bernardino County",CA,2088371,2112619,2128133,2140096,2157404,2171603,2180085
"05000US06073","San Diego County",CA,3211252,3263431,3299521,3317749,3337685,3343364,3338330
"05000US06075","San Francisco County",CA,837442,852469,864816,870887,884363,883305,881549
"05000US06077","San Joaquin County",CA,704379,715597,726106,733709,745424,752660,762148
"05000US06079","San Luis Obispo County",CA,276443,279083,281401,282887,283405,284010,283111
"05000US06081","San Mateo County",CA,747373,758581,765135,764797,771410,769545,766573
"05000US06083","Santa Barbara County",CA,435697,440668,444769,446170,448150,446527,446499
"05000US06085","Santa Clara County",CA,1862041,1894605,1918044,1919402,1938153,1937570,1927852
"05000US06087","Santa Cruz County",CA,269419,271804,274146,274673,275897,274255,273213
"05000US06089","Shasta County",CA,178980,179804,179533,179631,179921,180040,180080
"05000US06095","Solano County",CA,424788,431131,436092,440207,445458,446610,447643
"05000US06097","Sonoma County",CA,495025,500292,502146,503070,504217,499942,494336
"05000US06099","Stanislaus County",CA,525491,531997,538388,541560,547899,549815,550660
"05000US06101","Sutter County",CA,95350,95847,96463,96651,96648,96807,96971
"05000US06103","Tehama County",CA,,,,,,,65084
"05000US06107","Tulare County",CA,454143,458198,459863,460437,464493,465861,466195
"05000US06111","Ventura County",CA,839620,846178,850536,849738,854223,850967,846006
"05000US06113","Yolo County",CA,204593,207590,213016,215802,219116,220408,220500
"05000US06115","Yuba County",CA,73340,73966,74492,75275,77031,78041,78668
"05000US08001","Adams County",CO,469193,480718,491337,498187,503167,511868,517421
"05000US08005","Arapahoe County",CO,607070,618821,631096,637068,643052,651215,656590
"05000US08013","Boulder County",CO,310048,313333,319372,322226,322514,326078,326196
"05000US08014","Broomfield County",CO,,,65065,66529,68341,69267,70465
"05000US08031","Denver County",CO,649495,663862,682545,693060,704621,716492,727211
"05000US08035","Douglas County",CO,305963,314638,322387,328632,335299,342776,351154
"05000US08041","El Paso County",CO,655044,663519,674471,688284,699232,713856,720403
"05000US08059","Jefferson County",CO,551798,558503,565524,571837,574613,580233,582881
"05000US08069","Larimer County",CO,315988,324122,333577,339993,343976,350518,356899
"05000US08077","Mesa County",CO,147554,148255,148513,150083,151616,153207,154210
"05000US08101","Pueblo County",CO,161451,161875,163591,165123,166475,167529,168424
"05000US08123","Weld County",CO,269785,277670,285174,294932,304633,314305,324492
"05000US09001","Fairfield County",CT,939904,945438,948053,944177,949921,943823,943332
"05000US09003","Hartford County",CT,898272,897985,895841,892389,895388,892697,891720
"05000US09005","Litchfield County",CT,186924,184993,183603,182571,182177,181111,180333
"05000US09007","Middlesex County",CT,165562,164943,164063,163329,163410,162682,162436
"05000US09009","New Haven County",CT,862287,861277,859470,856875,860435,857620,854757
"05000US09011","New London County",CT,274150,273676,271863,269801,269033,266784,265206
"05000US09013","Tolland County",CT,151377,151367,151420,151118,151461,150921,150721
"05000US09015","Windham County",CT,117604,116998,116573,116192,116359,117027,116782
"05000US10001","Kent County",DE,169416,171987,173533,174827,176824,178550,180786
"05000US10003","New Castle County",DE,549684,552778,556779,556987,559793,559335,558753
"05000US10005","Sussex County",DE,206649,210849,215622,220251,225322,229286,234225
"05000US11001","District of Columbia",DC,646449,658893,672228,681170,693972,702455,705749
"05000US12001","Alachua County",FL,253451,256380,259964,263496,266944,269956,269043
"05000US12005","Bay County",FL,174987,178985,181635,183974,183563,185287,174705
"05000US12009","Brevard County",FL,550823,556885,568088,579130,589162,596849,601942
"05000US12011","Broward County",FL,1838844,1869235,1896425,1909632,1935878,1951260,1952778
"05000US12015","Charlotte County",FL,164736,168474,173115,178465,182033,184998,188910
"05000US12017","Citrus County",FL,139271,139377,141058,143621,145647,147929,149657
"05000US12019","Clay County",FL,196399,199798,203967,208311,212230,216072,219252
"05000US12021","Collier County",FL,339642,348777,357305,365136,372880,378488,384902
"05000US12023","Columbia County",FL,67543,67857,68348,69299,69612,70503,71686
"05000US12031","Duval County",FL,885855,897698,913010,926255,937934,950181,957755
"05000US12033","Escambia County",FL,305817,310659,311003,315187,313512,315534,318316
"05000US12035","Flagler County",FL,99956,102408,105392,108310,110510,112067,115081
"05000US12053","Hernando County",FL,174441,175855,178439,182835,186553,190865,193920
"05000US12055","Highlands County",FL,97616,98236,99491,100917,102883,105424,106221
"05000US12057","Hillsborough County",FL,1291578,1316298,1349050,1376238,1408566,1436888,1471968
"05000US12061","Indian River County",FL,141994,144755,147919,151563,154383,157413,159923
"05000US12069","Lake County",FL,308034,315690,325875,335396,346017,356495,367118
"05000US12071","Lee County",FL,661115,679513,701982,722336,739224,754610,770577
"05000US12073","Leon County",FL,281845,283988,286272,287822,290292,292502,293582
"05000US12081","Manatee County",FL,342106,351746,363369,375888,385571,394855,403253
"05000US12083","Marion County",FL,337362,339167,343254,349020,354353,359977,365579
"05000US12085","Martin County",FL,151263,153392,156283,158701,159923,160912,161000
"05000US12086","Miami-Dade County",FL,2617176,2662874,2693117,2712945,2751796,2761581,2716940
"05000US12087","Monroe County",FL,76351,77136,77482,79077,77013,75027,74228
"05000US12089","Nassau County",FL,75710,76619,78444,80622,82721,85832,88625
"05000US12091","Okaloosa County",FL,193811,196512,198664,201170,202970,207269,210738
"05000US12095","Orange County",FL,1225267,1253001,1288126,1314367,1348975,1380645,1393452
"05000US12097","Osceola County",FL,298504,310211,323993,336015,352180,367990,375751
"05000US12099","Palm Beach County",FL,1372171,1397710,1422789,1443810,1471150,1485941,1496770
"05000US12101","Pasco County",FL,475502,485331,497909,512368,525643,539630,553947
"05000US12103","Pinellas County",FL,929048,938098,949827,960730,970637,975280,974996
"05000US12105","Polk County",FL,623009,634638,650092,666149,686483,708009,724777
"05000US12107","Putnam County",FL,72577,72143,72023,72277,73464,74163,74521
"05000US12109","St. Johns County",FL,209647,217919,226640,235087,243812,254261,264672
"05000US12111","St. Lucie County",FL,286832,291028,298563,306507,313506,321128,328297
"05000US12113","Santa Rosa County",FL,161096,163422,167040,170497,174272,179349,184313
"05000US12115","Sarasota County",FL,390429,396962,405549,412569,419119,426718,433742
"05000US12117","Seminole County",FL,436041,442516,449144,455479,462659,467832,471826
"05000US12119","Sumter County",FL,107056,114350,118891,123996,125165,128754,132420
"05000US12127","Volusia County",FL,500800,507531,517887,529364,538692,547538,553284
"05000US12131","Walton County",FL,,,,65889,68376,71375,74071
"05000US13013","Barrow County",GA,71453,73240,75370,77126,79061,80809,83240
"05000US13015","Bartow County",GA,101273,101736,102747,103807,105054,106408,107738
"05000US13021","Bibb County",GA,154721,153905,153721,152760,152862,153095,153159
"05000US13031","Bulloch County",GA,71214,72087,72651,74722,76149,77296,79608
"05000US13045","Carroll County",GA,112355,114093,114545,116261,117812,118121,119992
"05000US13047","Catoosa County",GA,65311,65621,66050,66398,66550,67420,67580
"05000US13051","Chatham County",GA,278434,283379,286956,289082,290501,289195,289430
"05000US13057","Cherokee County",GA,225106,230985,235900,241689,247573,254149,258773
"05000US13059","Clarke County",GA,121265,120938,123912,124707,127064,127330,128331
"05000US13063","Clayton County",GA,264220,267542,273955,279462,285153,289615,292256
"05000US13067","Cobb County",GA,717190,730981,741334,748150,755754,756865,760141
"05000US13073","Columbia County",GA,135416,139257,144052,147450,151579,154291,156714
"05000US13077","Coweta County",GA,133180,135571,138427,140526,143114,145864,148509
"05000US13089","DeKalb County",GA,713340,722161,734871,740321,753253,756558,759297
"05000US13095","Dougherty County",GA,92969,92407,91332,90017,89502,91243,87956
"05000US13097","Douglas County",GA,136379,138776,140733,142224,143882,145331,146343
"05000US13113","Fayette County",GA,108365,109664,110714,111627,112549,113459,114421
"05000US13115","Floyd County",GA,95821,96063,96504,96560,97613,97927,98498
"05000US13117","Forsyth County",GA,195405,204302,212438,221009,227967,236612,244252
"05000US13121","Fulton County",GA,984293,996319,1010562,1023336,1041423,1050114,1063937
"05000US13127","Glynn County",GA,81508,82175,83579,84502,85282,85219,85292
"05000US13135","Gwinnett County",GA,859304,877922,895823,907135,920260,927781,936250
"05000US13139","Hall County",GA,187745,190761,193535,196637,199335,202148,204441
"05000US13151","Henry County",GA,211128,213869,217739,221768,225813,230220,234561
"05000US13153","Houston County",GA,147658,149111,150033,152122,153479,155469,157863
"05000US13157","Jackson County",GA,,,,,67519,70422,72977
"05000US13185","Lowndes County",GA,112916,113523,112865,114628,115489,116321,117406
"05000US13215","Muscogee County",GA,202824,200887,200579,197485,194058,194160,195769
"05000US13217","Newton County",GA,102446,103675,105473,106999,108078,109541,111744
"05000US13223","Paulding County",GA,146950,148987,152238,155825,159445,164044,168667
"05000US13245","Richmond County",GA,202003,201368,201793,201647,201800,201554,202518
"05000US13247","Rockdale County",GA,86919,87754,88856,89355,90312,90594,90896
"05000US13255","Spalding County",GA,,,,,65380,66100,66703
"05000US13285","Troup County",GA,69053,69469,69763,70005,69786,70034,69922
"05000US13295","Walker County",GA,68198,68218,68066,67896,68939,69410,69761
"05000US13297","Walton County",GA,85754,87615,88399,90184,91600,93503,94593
"05000US13313","Whitfield County",GA,102945,103542,104216,104589,104658,104062,104628
"05000US15001","Hawaii County",HI,190821,194190,196428,198449,200381,200983,201513
"05000US15003","Honolulu County",HI,983429,991788,998714,992605,988650,980080,974563
"05000US15007","Kauai County",HI,69512,70475,71735,72029,72159,72133,72293
"05000US15009","Maui County",HI,160195,163046,164593,165379,166271,167218,167488
"05000US16001","Ada County",ID,416464,426236,434211,444028,456849,469966,481587
"05000US16005","Bannock County",ID,83249,83347,83744,84377,85269,87138,87808
"05000US16019","Bonneville County",ID,107517,108623,110089,112232,114595,116854,119062
"05000US16027","Canyon County",ID,198871,203143,207478,211698,216699,223499,229849
"05000US16055","Kootenai County",ID,144265,147326,150346,154311,157637,161505,165697
"05000US16083","Twin Falls County",ID,79957,80914,82375,83514,85124,86081,86878
"05000US17001","Adams County",IL,67130,66988,67013,66578,66234,65691,65435
"05000US17019","Champaign County",IL,204897,207133,208861,208419,209399,209983,209689
"05000US17031","Cook County",IL,5240700,5246456,5238216,5203499,5211263,5180493,5150233
"05000US17037","DeKalb County",IL,104741,105462,104352,104528,104733,104143,104897
"05000US17043","DuPage County",IL,932126,932708,933736,929368,930128,928589,922921
"05000US17089","Kane County",IL,523643,527306,530847,531715,534667,534216,532403
"05000US17091","Kankakee County",IL,112120,111375,110879,110008,109605,110024,109862
"05000US17093","Kendall County",IL,119348,121350,123355,124695,126218,127915,128990
"05000US17097","Lake County",IL,703019,705186,703910,703047,703520,700832,696535
"05000US17099","LaSalle County",IL,112183,111241,111333,110642,110067,109430,108669
"05000US17111","McHenry County",IL,307409,307283,307343,307004,309122,308570,307774
"05000US17113","McLean County",IL,174647,174061,173166,172418,172290,172828,171517
"05000US17115","Macon County",IL,109278,108350,107303,106550,105801,104712,104009
"05000US17119","Madison County",IL,267225,266560,266209,265759,265428,264461,262966
"05000US17143","Peoria County",IL,188429,187319,186221,185006,183011,180621,179179
"05000US17161","Rock Island County",IL,147258,146063,146133,144784,144808,143477,141879
"05000US17163","St. Clair County",IL,266955,265729,264052,262759,262479,261059,259686
"05000US17167","Sangamon County",IL,199145,198997,198712,197499,196452,195348,194672
"05000US17179","Tazewell County",IL,136352,135707,134800,134385,133526,132328,131803
"05000US17183","Vermilion County",IL,80329,79728,79282,78111,77909,76806,75758
"05000US17197","Will County",IL,682829,685419,687263,689529,692661,692310,690743
"05000US17199","Williamson County",IL,66924,67008,67466,67560,67328,67056,66597
"05000US17201","Winnebago County",IL,290666,288542,287078,285873,284778,284081,282572
"05000US18003","Allen County",IN,363014,365918,368450,370404,372877,375351,379299
"05000US18005","Bartholomew County",IN,79587,80217,81162,81402,82040,82753,83779
"05000US18011","Boone County",IN,,,,,65875,66999,67843
"05000US18019","Clark County",IN,112938,114262,115371,116031,116973,117360,118302
"05000US18035","Delaware County",IN,117484,117074,116852,115603,115184,114772,114135
"05000US18039","Elkhart County",IN,200563,201971,203474,203781,205032,205560,206341
"05000US18043","Floyd County",IN,76244,76179,76778,76990,77071,77781,78522
"05000US18053","Grant County",IN,69126,68569,67979,66937,66491,65936,65769
"05000US18057","Hamilton County",IN,296693,302623,309697,316373,323747,330086,338011
"05000US18059","Hancock County",IN,71575,71978,72520,73717,74985,76351,78168
"05000US18063","Hendricks County",IN,153879,156056,158192,160610,163685,167009,170311
"05000US18067","Howard County",IN,82760,82982,82556,82568,82363,82366,82544
"05000US18081","Johnson County",IN,145535,147538,149633,151982,153897,156225,158167
"05000US18085","Kosciusko County",IN,77963,78564,78620,79092,79206,79344,79456
"05000US18089","Lake County",IN,491456,490228,487865,485846,485640,484411,485493
"05000US18091","LaPorte County",IN,111281,111444,110884,110015,110029,110007,109888
"05000US18095","Madison County",IN,130482,130069,129723,129296,129498,129641,129569
"05000US18097","Marion County",IN,928281,934243,939020,941229,950082,954670,964582
"05000US18105","Monroe County",IN,141888,143339,144705,145496,146986,146917,148431
"05000US18109","Morgan County",IN,69782,69693,69648,69698,69713,70116,70489
"05000US18127","Porter County",IN,166557,167076,167688,167791,168404,169594,170389
"05000US18141","St. Joseph County",IN,266709,267618,268441,269141,270434,270771,271826
"05000US18157","Tippecanoe County",IN,180174,183074,185826,188059,190587,193048,195732
"05000US18163","Vanderburgh County",IN,181398,182006,181877,181721,181616,180974,181451
"05000US18167","Vigo County",IN,108291,108175,107896,107931,107516,107386,107038
"05000US18177","Wayne County",IN,67893,67671,67001,66568,66185,65936,65884
"05000US19013","Black Hawk County",IA,132546,132897,133455,132904,132648,132408,131228
"05000US19049","Dallas County",IA,74641,77400,80133,84516,87235,90180,93453
"05000US19061","Dubuque County",IA,95697,96370,97125,97003,97041,96854,97311
"05000US19103","Johnson County",IA,139155,142287,144251,146547,149210,151260,151140
"05000US19113","Linn County",IA,216111,217751,219916,221661,224115,225909,226706
"05000US19153","Polk County",IA,451677,459862,467711,474045,481830,487204,490161
"05000US19155","Pottawattamie County",IA,92728,93128,93671,93582,93386,93533,93206
"05000US19163","Scott County",IA,170385,171387,172126,172474,172509,173283,172943
"05000US19169","Story County",IA,92406,94073,96021,97090,97502,98105,97117
"05000US19193","Woodbury County",IA,102130,102271,102782,102779,102429,102539,103107
"05000US20015","Butler County",KS,65803,66227,66741,67025,66878,66765,66911
"05000US20045","Douglas County",KS,114322,116585,118053,119440,120793,121436,122259
"05000US20091","Johnson County",KS,566933,574272,580159,584451,591178,597555,602401
"05000US20103","Leavenworth County",KS,78185,78797,79315,80204,81095,81352,81758
"05000US20161","Riley County",KS,75394,75194,75247,73343,74172,73703,74232
"05000US20173","Sedgwick County",KS,505415,508803,511574,511995,513687,513607,516042
"05000US20177","Shawnee County",KS,178831,178406,178725,178146,178187,177499,176875
"05000US20209","Wyandotte County",KS,160384,161636,163369,163831,165288,165324,165429
"05000US21015","Boone County",KY,124442,126413,127712,128536,130728,131533,133581
"05000US21029","Bullitt County",KY,76854,77955,78702,79151,80246,81069,81676
"05000US21037","Campbell County",KY,90988,91833,92066,92211,92488,93152,93584
"05000US21047","Christian County",KY,74167,74250,73309,72351,70416,71671,70461
"05000US21059","Daviess County",KY,98218,98275,99259,99674,100374,101104,101511
"05000US21067","Fayette County",KY,308428,310797,314488,318449,321959,323780,323152
"05000US21093","Hardin County",KY,108191,108266,106439,107316,108071,110356,110958
"05000US21111","Jefferson County",KY,756832,760026,763623,765352,771158,770517,766757
"05000US21117","Kenton County",KY,163145,163929,165012,164945,165399,166051,166998
"05000US21145","McCracken County",KY,65373,65316,65018,65162,65385,65346,65418
"05000US21151","Madison County",KY,85590,87340,87824,89547,91226,92368,92987
"05000US21185","Oldham County",KY,,,,65560,66415,66470,66799
"05000US21227","Warren County",KY,118370,120460,122851,125532,128845,131264,132896
"05000US22005","Ascension Parish",LA,114393,117029,119455,121587,122948,124672,126604
"05000US22015","Bossier Parish",LA,123823,125064,125175,126057,127634,127185,127039
"05000US22017","Caddo Parish",LA,254887,252603,251460,248851,246581,242922,240204
"05000US22019","Calcasieu Parish",LA,195296,197204,198788,200601,202445,203112,203436
"05000US22033","East Baton Rouge Parish",LA,445227,446042,446753,447037,446268,440956,440059
"05000US22045","Iberia Parish",LA,73878,73913,74103,73273,72176,70941,69830
"05000US22051","Jefferson Parish",LA,434767,435716,436275,436523,439036,434051,432493
"05000US22055","Lafayette Parish",LA,230845,235644,240098,241398,242485,242782,244390
"05000US22057","Lafourche Parish",LA,97141,98020,98325,98305,98426,98115,97614
"05000US22063","Livingston Parish",LA,134053,135751,137788,140138,138228,139567,140789
"05000US22071","Orleans Parish",LA,378715,384320,389617,391495,393292,391006,390144
"05000US22073","Ouachita Parish",LA,156220,156325,156761,156983,155874,154475,153279
"05000US22079","Rapides Parish",LA,132723,132488,132141,132424,131648,130562,129648
"05000US22097","St. Landry Parish",LA,83454,83709,83848,83883,83497,82764,82124
"05000US22103","St. Tammany Parish",LA,242333,245829,250088,253602,256327,258111,260419
"05000US22105","Tangipahoa Parish",LA,125412,127049,128755,130710,132497,133777,134758
"05000US22109","Terrebonne Parish",LA,112749,113328,113972,113220,112086,111021,110461
"05000US23001","Androscoggin County",ME,107604,107440,107233,107319,107651,107679,108277
"05000US23003","Aroostook County",ME,70055,69447,68628,67959,67653,67111,67055
"05000US23005","Cumberland County",ME,285456,287797,289977,292041,292500,293557,295003
"05000US23011","Kennebec County",ME,121164,121112,119980,120569,121821,122083,122302
"05000US23019","Penobscot County",ME,153364,153414,152692,151806,151957,151096,152148
"05000US23031","York County",ME,199431,200710,201169,202343,204191,206229,207641
"05000US24001","Allegany County",MD,73521,72952,72528,72130,71615,70975,70416
"05000US24003","Anne Arundel County",MD,555743,560133,564195,568346,573235,576031,579234
"05000US24005","Baltimore County",MD,823015,826925,831128,831026,832468,828431,827370
"05000US24009","Calvert County",MD,90484,90613,90595,91251,91502,92003,92525
"05000US24013","Carroll County",MD,167564,167830,167627,167656,167781,168429,168447
"05000US24015","Cecil County",MD,101913,102383,102382,102603,102746,102826,102855
"05000US24017","Charles County",MD,152864,154747,156118,157705,159700,161503,163257
"05000US24021","Frederick County",MD,241409,243675,245322,247591,252022,255648,259547
"05000US24025","Harford County",MD,249215,250105,250290,251032,252160,253956,255441
"05000US24027","Howard County",MD,304580,309284,313414,317233,321113,323196,325690
"05000US24031","Montgomery County",MD,1016677,1030447,1040116,1043863,1058810,1052567,1050688
"05000US24033","Prince George's County",MD,890081,904430,909535,908049,912756,909308,909327
"05000US24037","St. Mary's County",MD,109633,110382,111413,112587,112667,112664,113510
"05000US24043","Washington County",MD,149588,149573,149585,150292,150578,150926,151049
"05000US24045","Wicomico County",MD,100896,101539,102370,102577,102923,103195,103609
"05000US24510","Baltimore city",MD,622104,622793,621849,614664,611648,602495,593490
"05000US25001","Barnstable County",MA,214990,214914,214333,214276,213444,213413,212990
"05000US25003","Berkshire County",MA,129585,128715,127828,126903,126313,126348,124944
"05000US25005","Bristol County",MA,552780,554194,556772,558324,561483,564022,565217
"05000US25009","Essex County",MA,762550,769091,776043,779018,785205,790638,789034
"05000US25011","Franklin County",MA,71221,70862,70601,70382,70702,70963,70180
"05000US25013","Hampden County",MA,467319,468161,470690,468467,469818,470406,466372
"05000US25015","Hampshire County",MA,159596,160939,161292,161816,161834,161355,160830
"05000US25017","Middlesex County",MA,1552802,1570315,1585139,1589774,1602947,1614714,1611699
"05000US25021","Norfolk County",MA,687802,692254,696023,697181,700322,705388,706775
"05000US25023","Plymouth County",MA,501915,507022,510393,513565,515142,518132,521202
"05000US25025","Suffolk County",MA,755503,767254,778121,784230,797939,807252,803907
"05000US25027","Worcester County",MA,809106,813475,818963,819589,826116,830839,830622
"05000US26005","Allegan County",MI,112531,113847,114625,115548,116447,117327,118081
"05000US26017","Bay County",MI,106832,106179,105659,104747,104239,103923,103126
"05000US26021","Berrien County",MI,155252,155233,154636,154010,154259,154141,153401
"05000US26025","Calhoun County",MI,135012,134878,134314,134386,134128,134487,134159
"05000US26037","Clinton County",MI,76739,77297,77390,77888,78443,79332,79595
"05000US26045","Eaton County",MI,108348,108579,108801,109160,109027,109826,110268
"05000US26049","Genesee County",MI,415376,412895,410849,408615,407385,406892,405813
"05000US26055","Grand Traverse County",MI,89987,90782,91636,92084,91807,92573,93088
"05000US26065","Ingham County",MI,282234,284582,286085,288051,290186,292735,292406
"05000US26073","Isabella County",MI,70436,70616,70698,71282,71063,70562,69872
"05000US26075","Jackson County",MI,160369,159741,159494,158460,158640,158823,158510
"05000US26077","Kalamazoo County",MI,256725,258818,260263,261654,262985,264870,265066
"05000US26081","Kent County",MI,621700,629237,636369,642173,648594,653786,656955
"05000US26087","Lapeer County",MI,88389,88153,88373,88340,88174,88028,87607
"05000US26091","Lenawee County",MI,99188,99047,98573,98504,98623,98266,98451
"05000US26093","Livingston County",MI,184443,185596,187316,188624,189651,191224,191995
"05000US26099","Macomb County",MI,854769,860112,864840,867730,871375,874759,873972
"05000US26103","Marquette County",MI,67700,67676,67215,66435,66502,66516,66699
"05000US26111","Midland County",MI,83919,83427,83632,83462,83411,83209,83156
"05000US26115","Monroe County",MI,150376,149824,149568,149208,149649,150439,150500
"05000US26121","Muskegon County",MI,171008,172344,172790,173408,173693,173588,173566
"05000US26125","Oakland County",MI,1231640,1237868,1242304,1243970,1250836,1259201,1257584
"05000US26139","Ottawa County",MI,272701,276292,279955,282250,286383,290494,291830
"05000US26145","Saginaw County",MI,196542,195012,193307,192326,191934,190800,190539
"05000US26147","St. Clair County",MI,160469,160078,159875,159587,159350,159337,159128
"05000US26155","Shiawassee County",MI,68900,68933,68619,68554,68446,68192,68122
"05000US26159","Van Buren County",MI,75455,75199,75077,75223,75353,75448,75677
"05000US26161","Washtenaw County",MI,354240,356874,358880,364709,367627,370963,367601
"05000US26163","Wayne County",MI,1775273,1764804,1759335,1749366,1753616,1753893,1749343
"05000US27003","Anoka County",MN,339534,341864,344151,345957,351373,353813,356921
"05000US27013","Blue Earth County",MN,65528,65385,65787,66441,66973,67427,67653
"05000US27019","Carver County",MN,95562,97338,98741,100262,102119,103551,105089
"05000US27035","Crow Wing County",MN,,,,,,,65055
"05000US27037","Dakota County",MN,408509,412529,414686,417486,421751,425423,429021
"05000US27053","Hennepin County",MN,1198778,1212064,1223149,1232483,1252024,1259428,1265843
"05000US27109","Olmsted County",MN,149226,150287,151436,153102,154930,156277,158293
"05000US27123","Ramsey County",MN,526714,532655,538133,540649,547974,550210,550321
"05000US27131","Rice County",MN,65049,65151,65400,65622,65968,66523,66972
"05000US27137","St. Louis County",MN,200540,200949,200431,199980,200000,199754,199070
"05000US27139","Scott County",MN,137232,139672,141660,143680,145827,147381,149013
"05000US27141","Sherburne County",MN,90158,91126,91705,93528,94570,96036,97238
"05000US27145","Stearns County",MN,152092,152912,154708,155652,157822,159256,161075
"05000US27163","Washington County",MN,246603,249283,251597,253117,256348,259201,262440
"05000US27171","Wright County",MN,128470,129918,131311,132550,134286,136349,138377
"05000US28033","DeSoto County",MS,168240,170913,173323,175611,178751,182001,184945
"05000US28035","Forrest County",MS,77059,76330,75944,75979,75471,75036,74897
"05000US28047","Harrison County",MS,196500,199058,201410,203234,205027,206650,208080
"05000US28049","Hinds County",MS,244899,243729,242891,241229,239497,237085,231840
"05000US28059","Jackson County",MS,140450,141137,141425,141241,142152,143277,143617
"05000US28067","Jones County",MS,68961,68290,68215,67953,67930,68461,68098
"05000US28075","Lauderdale County",MS,80254,79739,78524,77755,76155,75317,74125
"05000US28081","Lee County",MS,85340,85246,85300,85381,84933,85202,85436
"05000US28089","Madison County",MS,100412,101688,103465,105114,104618,105630,106272
"05000US28121","Rankin County",MS,146767,148070,149039,150228,152080,153902,155271
"05000US29019","Boone County",MO,170773,172717,174974,176594,178271,180005,180463
"05000US29021","Buchanan County",MO,89631,89486,89100,88938,89065,88571,87364
"05000US29031","Cape Girardeau County",MO,77320,78043,78572,78913,78161,78753,78871
"05000US29037","Cass County",MO,100641,100889,101603,102845,103724,104954,105780
"05000US29043","Christian County",MO,80899,82101,83279,84401,85432,86983,88595
"05000US29047","Clay County",MO,230473,233682,235637,239085,242874,246365,249948
"05000US29051","Cole County",MO,76699,76557,76720,76631,76708,76796,76745
"05000US29071","Franklin County",MO,101816,102084,102426,102838,103330,103670,103967
"05000US29077","Greene County",MO,283870,285865,288072,288690,289805,291923,293086
"05000US29095","Jackson County",MO,679996,683191,687623,691801,698895,700307,703011
"05000US29097","Jasper County",MO,116398,117543,118596,119111,120217,120636,121328
"05000US29099","Jefferson County",MO,221396,222716,224124,224226,223810,224347,225081
"05000US29165","Platte County",MO,93310,94788,96096,98309,101187,102985,104418
"05000US29183","St. Charles County",MO,373495,379493,385590,390918,395504,399182,402022
"05000US29187","St. Francois County",MO,66215,65960,66520,66627,66705,66692,67215
"05000US29189","St. Louis County",MO,1001444,1001876,1003362,998581,996726,996945,994205
"05000US29510","St. Louis city",MO,318416,317419,315685,311404,308626,302838,300576
"05000US30013","Cascade County",MT,82384,82344,82278,81755,81654,81643,81366
"05000US30029","Flathead County",MT,93068,94924,96165,98082,100000,102106,103806
"05000US30031","Gallatin County",MT,94720,97308,100739,104502,107810,111876,114434
"05000US30049","Lewis and Clark County",MT,65338,65856,66418,67282,67773,68700,69432
"05000US30063","Missoula County",MT,111807,112684,114181,116130,117441,118791,119600
"05000US30111","Yellowstone County",MT,154162,155634,157048,158437,158980,160137,161300
"05000US31055","Douglas County",NE,537256,543244,550064,554995,561620,566880,571327
"05000US31109","Lancaster County",NE,297036,301795,306468,309637,314358,317272,319090
"05000US31153","Sarpy County",NE,169331,172193,175692,179023,181439,184459,187196
"05000US32003","Clark County",NV,2027868,2069681,2114801,2155664,2204079,2231647,2266715
"05000US32031","Washoe County",NV,433731,440078,446903,453616,460587,465735,471519
"05000US33005","Cheshire County",NH,76610,76115,75909,75774,75960,76493,76085
"05000US33009","Grafton County",NH,89629,89658,89320,88888,89386,89786,89886
"05000US33011","Hillsborough County",NH,403985,405184,406678,407761,409697,415247,417025
"05000US33013","Merrimack County",NH,146849,147171,147994,148582,149216,151132,151391
"05000US33015","Rockingham County",NH,299134,300621,301777,303251,306363,309176,309769
"05000US33017","Strafford County",NH,124593,125604,126825,127428,128613,130090,130633
"05000US34001","Atlantic County",NJ,275862,275209,274219,270991,269918,265429,263670
"05000US34003","Bergen County",NJ,925328,933572,938506,939151,948406,936692,932202
"05000US34005","Burlington County",NJ,450838,449722,450226,449284,448596,445384,445349
"05000US34007","Camden County",NJ,512854,511038,510923,510150,510719,507078,506471
"05000US34009","Cape May County",NJ,95897,95344,94727,94430,93553,92560,92039
"05000US34011","Cumberland County",NJ,157332,157389,155854,153797,152538,150972,149527
"05000US34013","Essex County",NJ,789565,795723,797434,796914,808285,799767,798975
"05000US34015","Gloucester County",NJ,290265,290951,291479,292330,292206,291408,291636
"05000US34017","Hudson County",NJ,660282,669115,674836,677983,691643,676061,672391
"05000US34019","Hunterdon County",NJ,126250,126067,125488,124676,125059,124714,124371
"05000US34021","Mercer County",NJ,370414,371537,371398,371023,374733,369811,367430
"05000US34023","Middlesex County",NJ,828919,836297,840900,837073,842798,829685,825062
"05000US34025","Monmouth County",NJ,629672,629279,628715,625846,626351,621354,618795
"05000US34027","Morris County",NJ,499397,499727,499509,498423,499693,494228,491845
"05000US34029","Ocean County",NJ,583414,586301,588721,592497,597943,601651,607186
"05000US34031","Passaic County",NJ,505672,508856,510916,507945,512607,503310,501826
"05000US34033","Salem County",NJ,65166,64715,64180,63436,62792,62607,62385
"05000US34035","Somerset County",NJ,330585,332568,333654,333751,335432,331164,328934
"05000US34037","Sussex County",NJ,145992,144909,143673,142522,141682,140799,140488
"05000US34039","Union County",NJ,548256,552939,555786,555630,563892,558067,556341
"05000US34041","Warren County",NJ,107379,106917,106869,106617,106798,105779,105267
"05000US35001","Bernalillo County",NM,674221,675551,676685,676953,676773,678701,679121
"05000US35005","Chaves County",NM,65823,65878,65764,65282,64866,64689,64615
"05000US35013","Do√±a Ana County",NM,213460,213676,214295,214207,215579,217522,218195
"05000US35025","Lea County",NM,68062,69999,71180,69749,68759,69611,71070
"05000US35031","McKinley County",NM,73308,74098,76708,74923,72564,72290,71367
"05000US35035","Otero County",NM,65616,65082,64362,65410,65817,66781,67490
"05000US35043","Sandoval County",NM,136575,137608,139394,142025,142507,145179,146748
"05000US35045","San Juan County",NM,126503,123785,118737,115079,126926,125043,123958
"05000US35049","Santa Fe County",NM,147423,148164,148686,148651,148750,150056,150358
"05000US35061","Valencia County",NM,76284,75817,75737,75626,75940,76456,76688
"05000US36001","Albany County",NY,306945,308171,309381,308846,309612,307117,305506
"05000US36005","Bronx County",NY,1418733,1438159,1455444,1455720,1471160,1432132,1418207
"05000US36007","Broome County",NY,197534,197349,196567,195334,193639,191659,190488
"05000US36009","Cattaraugus County",NY,78892,78600,77922,77677,77348,76840,76117
"05000US36011","Cayuga County",NY,79477,78823,78288,77861,77603,77145,76576
"05000US36013","Chautauqua County",NY,133080,132053,130779,129504,129046,127939,126903
"05000US36015","Chemung County",NY,88506,87770,87071,86322,85557,84254,83456
"05000US36019","Clinton County",NY,81591,81632,81251,81073,80980,80695,80485
"05000US36027","Dutchess County",NY,296916,296579,295754,294473,295568,293718,294218
"05000US36029","Erie County",NY,919866,922835,922578,921046,925528,919719,918702
"05000US36045","Jefferson County",NY,119504,119103,117635,114006,114187,111755,109834
"05000US36047","Kings County",NY,2592149,2621793,2636735,2629150,2648771,2582830,2559903
"05000US36051","Livingston County",NY,64705,64586,64717,64257,63799,63227,62914
"05000US36053","Madison County",NY,72382,72369,71849,71329,70965,70795,70941
"05000US36055","Monroe County",NY,749606,749857,749600,747727,747642,742474,741770
"05000US36059","Nassau County",NY,1352146,1358627,1361350,1361500,1369514,1358343,1356924
"05000US36061","New York County",NY,1626159,1636268,1644518,1643734,1664727,1628701,1628706
"05000US36063","Niagara County",NY,214249,213525,212652,211758,211328,210433,209281
"05000US36065","Oneida County",NY,233585,232871,232500,231190,231332,229577,228671
"05000US36067","Onondaga County",NY,468387,468196,468463,466194,465398,461809,460528
"05000US36069","Ontario County",NY,109103,109707,109561,109828,109899,109864,109777
"05000US36071","Orange County",NY,375592,376099,377647,379210,382226,381951,384940
"05000US36075","Oswego County",NY,121165,120913,120146,118987,118478,117898,117124
"05000US36079","Putnam County",NY,99645,99487,99042,98900,99323,98892,98320
"05000US36081","Queens County",NY,2296175,2321580,2339150,2333054,2358582,2278906,2253858
"05000US36083","Rensselaer County",NY,159918,159774,160266,160070,159722,159442,158714
"05000US36085","Richmond County",NY,472621,473279,474558,476015,479458,476179,476143
"05000US36087","Rockland County",NY,320903,323866,326037,326780,328868,325695,325789
"05000US36089","St. Lawrence County",NY,111963,111400,111007,110038,109623,108047,107740
"05000US36091","Saratoga County",NY,223865,224921,226249,227053,229869,230163,229863
"05000US36093","Schenectady County",NY,155333,155735,154604,154553,155565,155350,155299
"05000US36101","Steuben County",NY,98650,98394,97631,96940,96281,95796,95379
"05000US36103","Suffolk County",NY,1499738,1502968,1501587,1492583,1492953,1481093,1476601
"05000US36105","Sullivan County",NY,76665,75943,74877,74801,75485,75498,75432
"05000US36109","Tompkins County",NY,103617,104691,104926,104871,104802,102793,102180
"05000US36111","Ulster County",NY,180998,180445,180143,179225,179417,178599,177573
"05000US36113","Warren County",NY,65337,64973,64688,64567,64532,64265,63944
"05000US36117","Wayne County",NY,92473,92051,91446,90798,90670,90064,89918
"05000US36119","Westchester County",NY,968802,972634,976396,974542,980244,967612,967506
"05000US37001","Alamance County",NC,154378,155792,158276,159688,162391,166436,169509
"05000US37019","Brunswick County",NC,115301,118836,122765,126953,130897,136744,142820
"05000US37021","Buncombe County",NC,247912,250539,253178,256088,257607,259103,261191
"05000US37023","Burke County",NC,89842,89486,88842,88851,89293,90382,90485
"05000US37025","Cabarrus County",NC,187226,192103,196762,201590,206872,211342,216453
"05000US37027","Caldwell County",NC,81990,81484,81287,81449,81981,82029,82178
"05000US37031","Carteret County",NC,68434,68811,68879,68890,68881,69524,69473
"05000US37035","Catawba County",NC,154810,154534,155056,156459,157974,158652,159551
"05000US37037","Chatham County",NC,66817,68698,70928,72243,71472,73139,74470
"05000US37045","Cleveland County",NC,97047,97076,96879,97144,97334,97645,97947
"05000US37049","Craven County",NC,104489,104510,103451,103445,102578,102912,102139
"05000US37051","Cumberland County",NC,325871,326328,323838,327127,332546,332330,335509
"05000US37057","Davidson County",NC,163420,164072,164622,164926,165466,166614,167609
"05000US37063","Durham County",NC,288133,294460,300952,306212,311640,316739,321488
"05000US37067","Forsyth County",NC,361220,365298,369019,371511,376320,379099,382295
"05000US37069","Franklin County",NC,,,,,66168,67560,69685
"05000US37071","Gaston County",NC,209420,211127,213442,216965,220182,222846,224529
"05000US37081","Guilford County",NC,506610,512119,517600,521330,526953,533670,537174
"05000US37085","Harnett County",NC,124987,126666,128140,130881,132754,134214,135976
"05000US37089","Henderson County",NC,109540,111149,112655,114209,115708,116748,117417
"05000US37097","Iredell County",NC,164517,166675,169866,172916,175711,178435,181806
"05000US37101","Johnston County",NC,177967,181423,185660,191450,196708,202675,209339
"05000US37109","Lincoln County",NC,79740,79829,81035,81168,82403,83770,86111
"05000US37119","Mecklenburg County",NC,990977,1012539,1034070,1054835,1076837,1093901,1110356
"05000US37125","Moore County",NC,91587,93077,94352,95776,97264,98682,100880
"05000US37127","Nash County",NC,95093,94357,93919,94005,93991,94016,94298
"05000US37129","New Hanover County",NC,213267,216298,220358,223483,227198,232274,234473
"05000US37133","Onslow County",NC,185220,187589,186311,187136,193893,197683,197938
"05000US37135","Orange County",NC,140352,140420,141354,141796,144946,146027,148476
"05000US37147","Pitt County",NC,174263,175354,175842,177220,179042,179914,180742
"05000US37151","Randolph County",NC,142577,142778,142799,143416,143282,143351,143667
"05000US37155","Robeson County",NC,134841,134760,134197,133235,132606,131831,130625
"05000US37157","Rockingham County",NC,91878,91696,91758,91393,90949,90690,91010
"05000US37159","Rowan County",NC,138323,138630,139142,139933,140644,141262,142088
"05000US37161","Rutherford County",NC,66956,66600,66390,66421,66551,66826,67029
"05000US37171","Surry County",NC,73050,72968,72743,72113,72224,71948,71783
"05000US37179","Union County",NC,212756,218568,222742,226606,231366,235908,239859
"05000US37183","Wake County",NC,974289,998691,1024198,1046791,1072203,1092305,1111761
"05000US37191","Wayne County",NC,124583,124456,124132,124150,124172,123248,123131
"05000US37193","Wilkes County",NC,69023,68838,68502,68740,68576,68557,68412
"05000US37195","Wilson County",NC,81667,81401,81714,81661,81671,81455,81801
"05000US38015","Burleigh County",ND,88457,90503,92991,94487,95030,95273,95626
"05000US38017","Cass County",ND,162829,167005,171512,175249,177787,181516,181923
"05000US38035","Grand Forks County",ND,69179,70138,70916,71083,70795,70770,69451
"05000US38101","Ward County",ND,67990,69384,71275,70210,68946,67744,67641
"05000US39003","Allen County",OH,105298,105040,104425,103742,103198,102663,102351
"05000US39007","Ashtabula County",OH,99811,99175,98632,98231,97807,97493,97241
"05000US39009","Athens County",OH,,,65886,66186,66597,65818,65327
"05000US39013","Belmont County",OH,69571,69461,69154,68673,68029,67505,67006
"05000US39017","Butler County",OH,371272,374158,376353,377537,380604,382378,383134
"05000US39023","Clark County",OH,136167,136554,135959,134786,134557,134585,134083
"05000US39025","Clermont County",OH,200218,201560,201973,203022,204214,205466,206428
"05000US39029","Columbiana County",OH,105893,105686,104806,103685,103077,102665,101883
"05000US39035","Cuyahoga County",OH,1263154,1259828,1255921,1249352,1248514,1243857,1235072
"05000US39041","Delaware County",OH,184979,189113,193013,196463,200464,204826,209177
"05000US39043","Erie County",OH,76048,75828,75550,75107,74817,74615,74266
"05000US39045","Fairfield County",OH,148867,150381,151408,152597,154733,155782,157574
"05000US39049","Franklin County",OH,1212263,1231393,1251722,1264518,1291981,1310300,1316756
"05000US39055","Geauga County",OH,93972,94295,94102,94060,93918,94031,93649
"05000US39057","Greene County",OH,163204,163820,164427,164765,166752,167995,168937
"05000US39061","Hamilton County",OH,804520,806631,807598,809099,813822,816684,817473
"05000US39063","Hancock County",OH,75773,75337,75573,75872,75754,75930,75783
"05000US39081","Jefferson County",OH,67964,67694,67347,66704,66359,65767,65325
"05000US39085","Lake County",OH,229857,229230,229245,228614,230117,230514,230149
"05000US39089","Licking County",OH,168375,169390,170570,172198,173448,175769,176862
"05000US39093","Lorain County",OH,302827,304216,305147,306365,307924,309461,309833
"05000US39095","Lucas County",OH,436393,435286,433689,432488,430887,429899,428348
"05000US39099","Mahoning County",OH,233869,233204,231900,230008,229796,229642,228683
"05000US39101","Marion County",OH,65905,65720,65355,65096,64967,65256,65093
"05000US39103","Medina County",OH,174915,176029,176395,177221,178371,179146,179746
"05000US39109","Miami County",OH,103439,103900,104224,104679,105122,106222,106987
"05000US39113","Montgomery County",OH,535846,533116,532258,531239,531542,532331,531687
"05000US39119","Muskingum County",OH,85231,85818,86290,86068,86149,86183,86215
"05000US39133","Portage County",OH,163862,161882,162275,161921,162277,162927,162466
"05000US39139","Richland County",OH,121773,121942,121707,121107,120589,121099,121154
"05000US39141","Ross County",OH,77910,77159,77170,77000,77313,76931,76666
"05000US39145","Scioto County",OH,78153,77258,76825,76088,75929,75502,75314
"05000US39151","Stark County",OH,375432,375736,375165,373612,372542,371574,370606
"05000US39153","Summit County",OH,541824,541943,541968,540300,541228,541918,541013
"05000US39155","Trumbull County",OH,206442,205175,203751,201825,200380,198627,197974
"05000US39157","Tuscarawas County",OH,92672,92788,92916,92420,92297,92176,91987
"05000US39165","Warren County",OH,219169,221659,224469,227063,228882,232173,234602
"05000US39169","Wayne County",OH,115071,115537,116063,116470,116038,115967,115710
"05000US39173","Wood County",OH,129264,129590,129730,130219,130492,130696,130817
"05000US40017","Canadian County",OK,126123,129582,133378,136532,139926,144447,148306
"05000US40027","Cleveland County",OK,269340,269908,274458,278655,279641,281669,284014
"05000US40031","Comanche County",OK,124937,125033,124648,122136,121526,120422,120749
"05000US40037","Creek County",OK,70470,70632,70892,71312,71704,71604,71522
"05000US40101","Muskogee County",OK,70303,69966,69699,69477,69086,68362,67997
"05000US40109","Oklahoma County",OK,755245,766215,776864,782970,787958,792582,797434
"05000US40119","Payne County",OK,79066,80264,80850,81131,81575,82040,81784
"05000US40125","Pottawatomie County",OK,71158,71811,71875,72290,72226,72679,72592
"05000US40131","Rogers County",OK,89044,89815,90802,91766,91444,91984,92459
"05000US40143","Tulsa County",OK,622409,629598,639242,642940,646266,648360,651552
"05000US40145","Wagoner County",OK,75700,75702,76559,77679,78657,80110,81289
"05000US41003","Benton County",OR,86591,86316,87572,89385,90951,92101,93053
"05000US41005","Clackamas County",OR,388263,394972,401515,408062,412672,416075,418187
"05000US41017","Deschutes County",OR,165954,170388,175268,181307,186875,191996,197692
"05000US41019","Douglas County",OR,106940,106972,107685,108457,109405,110283,110980
"05000US41029","Jackson County",OR,208545,210287,212567,216527,217479,219564,220944
"05000US41033","Josephine County",OR,83306,83599,84745,85904,86352,87393,87487
"05000US41035","Klamath County",OR,65910,65455,66016,66443,66935,67653,68238
"05000US41039","Lane County",OR,356212,358337,362895,369519,374748,379611,382067
"05000US41043","Linn County",OR,118765,119356,120547,122849,125047,127335,129749
"05000US41047","Marion County",OR,323614,326110,330700,336316,341286,346868,347818
"05000US41051","Multnomah County",OR,766135,776712,790294,799766,807555,811880,812855
"05000US41053","Polk County",OR,76794,77916,79391,81823,83696,85234,86085
"05000US41059","Umatilla County",OR,76720,76705,76531,76456,76985,77516,77950
"05000US41067","Washington County",OR,554996,562998,574326,582779,588957,597695,601592
"05000US41071","Yamhill County",OR,100725,101758,102659,105035,105722,107002,107100
"05000US42001","Adams County",PA,101546,101714,102295,102180,102336,102811,103009
"05000US42003","Allegheny County",PA,1231527,1231255,1230459,1225365,1223048,1218452,1216045
"05000US42005","Armstrong County",PA,68107,67785,67052,66486,65642,65263,64735
"05000US42007","Beaver County",PA,170115,169392,168871,167429,166140,164742,163929
"05000US42011","Berks County",PA,413521,413691,415271,414812,417854,420152,421164
"05000US42013","Blair County",PA,126314,125955,125593,124650,123457,122492,121829
"05000US42017","Bucks County",PA,626976,626685,627367,626399,628341,628195,628270
"05000US42019","Butler County",PA,185476,185943,186818,186847,187108,187888,187853
"05000US42021","Cambria County",PA,140499,137732,136411,134732,133054,131730,130192
"05000US42025","Carbon County",PA,64786,64441,63960,63594,63853,64227,64182
"05000US42027","Centre County",PA,155403,158742,160580,161464,162660,162805,162385
"05000US42029","Chester County",PA,509468,512784,515939,516312,519293,522046,524989
"05000US42033","Clearfield County",PA,81174,81191,80994,80596,79685,79388,79255
"05000US42037","Columbia County",PA,66797,67122,66672,66420,65932,65456,64964
"05000US42039","Crawford County",PA,87376,87175,86484,86257,86159,85063,84629
"05000US42041","Cumberland County",PA,241212,243762,246338,248506,250066,251423,253370
"05000US42043","Dauphin County",PA,270937,271453,272983,273707,275710,277097,278299
"05000US42045","Delaware County",PA,561973,562960,563894,563402,564696,564751,566747
"05000US42049","Erie County",PA,280294,278443,278045,276207,274541,272061,269728
"05000US42051","Fayette County",PA,134999,134086,133628,132733,131504,130441,129274
"05000US42055","Franklin County",PA,152085,152892,153638,153851,154234,154835,155027
"05000US42063","Indiana County",PA,87745,87706,86966,86364,84953,84501,84073
"05000US42069","Lackawanna County",PA,213931,212719,211917,211321,210761,210793,209674
"05000US42071","Lancaster County",PA,529600,533320,536624,538500,542903,543557,545724
"05000US42073","Lawrence County",PA,89333,88771,88082,87294,87069,86184,85512
"05000US42075","Lebanon County",PA,135486,136359,137067,138863,139754,141314,141793
"05000US42077","Lehigh County",PA,355092,357823,360685,363147,366494,368100,369318
"05000US42079","Luzerne County",PA,320103,318829,318449,316383,317343,317646,317417
"05000US42081","Lycoming County",PA,116754,116508,116048,115248,113841,113664,113299
"05000US42085","Mercer County",PA,115195,114884,114234,112913,111750,110683,109424
"05000US42089","Monroe County",PA,167148,166314,166397,166098,168046,169507,170271
"05000US42091","Montgomery County",PA,812376,816857,819264,821725,826075,828604,830915
"05000US42095","Northampton County",PA,299791,300654,300813,302294,303405,304807,305285
"05000US42097","Northumberland County",PA,94076,93944,93246,92541,92029,91083,90843
"05000US42101","Philadelphia County",PA,1553165,1560297,1567442,1567872,1580863,1584138,1584064
"05000US42107","Schuylkill County",PA,146920,145797,144590,143573,142569,142067,141359
"05000US42111","Somerset County",PA,76520,76218,75522,75061,74501,73952,73447
"05000US42125","Washington County",PA,208206,208187,208261,207981,207298,207346,206865
"05000US42129","Westmoreland County",PA,362437,359320,357956,355458,352627,350611,348899
"05000US42133","York County",PA,438965,440755,442867,443744,446078,448273,449058
"05000US44003","Kent County",RI,165035,165128,164801,164614,163760,163861,164292
"05000US44005","Newport County",RI,82397,82358,82423,82784,83460,82542,82082
"05000US44007","Providence County",RI,628600,631974,633473,633673,637357,636084,638931
"05000US44009","Washington County",RI,126259,126653,126517,126288,126150,126179,125577
"05000US45003","Aiken County",SC,164176,164753,165829,167458,168179,169401,170872
"05000US45007","Anderson County",SC,190641,192810,194692,196569,198759,200482,202558
"05000US45013","Beaufort County",SC,171838,175852,179589,183149,186844,188715,192122
"05000US45015","Berkeley County",SC,194020,198205,202786,210898,217937,221091,227907
"05000US45019","Charleston County",SC,372803,381015,389262,396484,401438,405905,411406
"05000US45031","Darlington County",SC,67935,67799,67548,67234,67265,66802,66618
"05000US45035","Dorchester County",SC,145397,148469,152478,153773,156456,160647,162809
"05000US45041","Florence County",SC,138326,139231,138900,138742,138566,138159,138293
"05000US45045","Greenville County",SC,474266,482752,491863,498766,506837,514213,523542
"05000US45047","Greenwood County",SC,69723,69520,69838,70133,70355,70741,70811
"05000US45051","Horry County",SC,289650,298832,309199,322342,333268,344147,354081
"05000US45055","Kershaw County",SC,,,,,65036,65592,66551
"05000US45057","Lancaster County",SC,80458,83160,85842,89594,92550,95380,98012
"05000US45059","Laurens County",SC,66229,66533,66623,66777,66848,66994,67493
"05000US45063","Lexington County",SC,273752,277888,281833,286196,290642,295032,298750
"05000US45073","Oconee County",SC,75045,75192,75713,76355,77270,78374,79546
"05000US45075","Orangeburg County",SC,90942,90090,89208,87903,87476,86934,86175
"05000US45077","Pickens County",SC,119829,120368,121691,122863,123479,124937,126884
"05000US45079","Richland County",SC,399256,401566,407051,409549,411592,414576,415759
"05000US45083","Spartanburg County",SC,290969,293542,297302,301463,306854,313888,319785
"05000US45085","Sumter County",SC,108123,107919,107480,107396,106847,106512,106721
"05000US45091","York County",SC,239363,245346,251195,258526,266439,274118,280979
"05000US46099","Minnehaha County",SD,179640,182882,185197,187318,188616,192876,193134
"05000US46103","Pennington County",SD,105761,108242,108702,109372,110141,111729,113775
"05000US47001","Anderson County",TN,75542,75528,75749,75936,76257,76482,76978
"05000US47009","Blount County",TN,125099,126339,127253,128670,129929,131349,133088
"05000US47011","Bradley County",TN,101848,102975,104091,104490,105560,106727,108110
"05000US47037","Davidson County",TN,658602,668347,678889,684410,691243,692587,694144
"05000US47059","Greene County",TN,68267,68335,68580,68615,68808,69087,69069
"05000US47065","Hamilton County",TN,348673,351220,354098,357738,361613,364286,367804
"05000US47093","Knox County",TN,444622,448644,451324,456132,461860,465289,470313
"05000US47113","Madison County",TN,98733,98178,97610,97663,97643,97605,97984
"05000US47119","Maury County",TN,83761,85515,87757,89981,92163,94340,96387
"05000US47125","Montgomery County",TN,184119,189961,193479,195734,200182,205950,208993
"05000US47141","Putnam County",TN,73525,74165,74553,75931,77674,78843,80245
"05000US47147","Robertson County",TN,67383,68079,68570,69165,70177,71012,71813
"05000US47149","Rutherford County",TN,281029,288906,298612,308251,317157,324890,332285
"05000US47155","Sevier County",TN,93570,95110,95946,96673,97638,97892,98250
"05000US47157","Shelby County",TN,939465,938803,938069,934603,936961,935764,937166
"05000US47163","Sullivan County",TN,156595,157047,156791,156667,157158,157668,158348
"05000US47165","Sumner County",TN,168888,172706,175989,180063,183545,187149,191283
"05000US47179","Washington County",TN,125546,126242,126302,127440,127806,128607,129375
"05000US47187","Williamson County",TN,198901,205226,211672,219107,226257,231729,238412
"05000US47189","Wilson County",TN,121945,125376,128911,132781,136442,140625,144657
"05000US48005","Angelina County",TX,87441,87750,88255,87791,87805,87092,86715
"05000US48021","Bastrop County",TX,75825,78069,80527,82733,84761,86976,88723
"05000US48027","Bell County",TX,326843,329140,334941,340411,347833,355642,362924
"05000US48029","Bexar County",TX,1817610,1855866,1897753,1928680,1958578,1986049,2003554
"05000US48037","Bowie County",TX,93487,93275,93389,93860,94012,94324,93245
"05000US48039","Brazoria County",TX,330242,338124,346312,354195,362457,370200,374264
"05000US48041","Brazos County",TX,203164,209152,215037,220417,222830,226758,229211
"05000US48061","Cameron County",TX,417276,420392,422156,422135,423725,423908,423163
"05000US48085","Collin County",TX,854778,885241,914127,939585,969603,1005146,1034730
"05000US48091","Comal County",TX,118480,123694,129048,134788,141009,148373,156209
"05000US48099","Coryell County",TX,76192,75562,75503,74686,74913,74808,75951
"05000US48113","Dallas County",TX,2480331,2518638,2553385,2574984,2618148,2637772,2635516
"05000US48121","Denton County",TX,728799,753363,780612,806180,836210,859064,887207
"05000US48135","Ector County",TX,149378,153904,159436,157462,157087,162124,166223
"05000US48139","Ellis County",TX,155976,159317,163632,168499,173620,179436,184826
"05000US48141","El Paso County",TX,827718,833487,835593,837918,840410,840758,839238
"05000US48157","Fort Bend County",TX,652365,685345,716087,741237,764828,787858,811688
"05000US48167","Galveston County",TX,306782,314198,322225,329431,335036,337890,342139
"05000US48181","Grayson County",TX,122353,123534,125467,128235,131140,133991,136212
"05000US48183","Gregg County",TX,123024,123204,124108,123745,123367,123707,123945
"05000US48187","Guadalupe County",TX,143183,147250,151249,155265,159659,163694,166847
"05000US48201","Harris County",TX,4336853,4441370,4538028,4589928,4652980,4698619,4713325
"05000US48203","Harrison County",TX,66886,67336,66746,66534,66661,66726,66553
"05000US48209","Hays County",TX,176026,185025,194739,204470,214485,222631,230191
"05000US48213","Henderson County",TX,78675,79290,79545,79901,81064,82299,82737
"05000US48215","Hidalgo County",TX,815996,831073,842304,849843,860661,865939,868707
"05000US48231","Hunt County",TX,87048,88493,89844,92073,93872,96493,98594
"05000US48245","Jefferson County",TX,252358,252235,254308,254679,256299,255001,251565
"05000US48251","Johnson County",TX,154707,157456,159990,163274,167301,171361,175817
"05000US48257","Kaufman County",TX,108568,111236,114690,118350,122883,128622,136154
"05000US48291","Liberty County",TX,76907,78117,79654,81704,83658,86323,88219
"05000US48303","Lubbock County",TX,289324,293974,299453,303137,305225,307412,310569
"05000US48309","McLennan County",TX,241481,243441,245671,247934,251259,254607,256623
"05000US48329","Midland County",TX,151468,155830,161077,162565,165049,172578,176832
"05000US48339","Montgomery County",TX,499137,518947,537559,556203,570934,590925,607391
"05000US48347","Nacogdoches County",TX,65330,65301,65664,65806,65580,65711,65204
"05000US48355","Nueces County",TX,352107,356221,359715,361350,361221,362265,362294
"05000US48361","Orange County",TX,82957,83433,84260,84964,85047,83572,83396
"05000US48367","Parker County",TX,121418,123164,126042,129441,133463,138371,142878
"05000US48375","Potter County",TX,121661,121627,121802,120832,120458,119648,117415
"05000US48381","Randall County",TX,126474,128220,130269,132501,134442,136271,137713
"05000US48397","Rockwall County",TX,85245,87809,90861,93978,96788,100657,104915
"05000US48409","San Patricio County",TX,66137,66915,67357,67655,67215,66893,66730
"05000US48423","Smith County",TX,216080,218842,222936,225290,227727,230221,232751
"05000US48439","Tarrant County",TX,1911541,1945360,1982498,2016872,2054475,2084931,2102515
"05000US48441","Taylor County",TX,134117,135143,136051,136535,136290,137640,138034
"05000US48451","Tom Green County",TX,114954,116608,118105,118386,118019,118189,119200
"05000US48453","Travis County",TX,1120954,1151145,1176558,1199323,1226698,1248743,1273954
"05000US48469","Victoria County",TX,90028,91081,92382,92467,92084,92035,92084
"05000US48471","Walker County",TX,68817,69789,70699,71484,72245,72480,72971
"05000US48479","Webb County",TX,262495,266673,269721,271193,274794,275910,276652
"05000US48485","Wichita County",TX,132047,132355,131705,131838,132000,132064,132230
"05000US48491","Williamson County",TX,471014,489250,508514,528718,547545,566719,590551
"05000US48497","Wise County",TX,,,,,66181,68305,69984
"05000US49005","Cache County",UT,116909,118343,120783,122753,124438,127068,128289
"05000US49011","Davis County",UT,322094,329692,336043,342281,347637,351713,355481
"05000US49035","Salt Lake County",UT,1079721,1091742,1107314,1121354,1135649,1152633,1160437
"05000US49045","Tooele County",UT,,,,,67456,69907,72259
"05000US49049","Utah County",UT,551891,560974,575205,592299,606425,622213,636235
"05000US49053","Washington County",UT,147800,151948,155602,160245,165662,171700,177556
"05000US49057","Weber County",UT,238519,240475,243645,247560,251769,256359,260213
"05000US50007","Chittenden County",VT,159515,160531,161382,161531,162372,164572,163774
"05000US51003","Albemarle County",VA,103000,104489,105703,106878,107702,108718,109330
"05000US51013","Arlington County",VA,224906,226908,229164,230050,234965,237521,236842
"05000US51015","Augusta County",VA,73912,73862,74314,74997,75144,75457,75558
"05000US51019","Bedford County",VA,69825,76583,77724,77960,77974,78747,78997
"05000US51041","Chesterfield County",VA,327745,332499,335687,339009,343599,348556,352802
"05000US51059","Fairfax County",VA,1130924,1137538,1142234,1138652,1148433,1150795,1147532
"05000US51061","Fauquier County",VA,67207,68248,68782,69069,69465,70675,71222
"05000US51069","Frederick County",VA,81319,82377,83199,84421,86484,88355,89313
"05000US51085","Hanover County",VA,101330,101918,103227,104392,105923,107239,107766
"05000US51087","Henrico County",VA,318611,321924,325155,326501,327898,329261,330818
"05000US51095","James City County",VA,70516,72583,73147,74404,75524,76397,76523
"05000US51107","Loudoun County",VA,349679,363050,375629,385945,398080,406850,413538
"05000US51121","Montgomery County",VA,96207,97244,97653,98602,98559,98985,98535
"05000US51153","Prince William County",VA,438580,446094,451721,455210,463023,468011,470335
"05000US51161","Roanoke County",VA,93524,93785,94409,94031,93730,94073,94186
"05000US51165","Rockingham County",VA,77741,78171,78593,79744,80227,81244,81948
"05000US51177","Spotsylvania County",VA,127348,129188,130475,132010,133033,134238,136215
"05000US51179","Stafford County",VA,136788,139992,142003,144361,146649,149960,152882
"05000US51199","York County",VA,66269,66342,67837,67976,67739,67846,68280
"05000US51510","Alexandria city",VA,148892,150575,153511,155810,160035,160530,159428
"05000US51550","Chesapeake city",VA,230571,233371,235429,237940,240397,242634,244835
"05000US51650","Hampton city",VA,136699,136879,136454,135410,134669,134313,134510
"05000US51680","Lynchburg city",VA,78014,79047,79812,80212,80995,82126,82168
"05000US51700","Newport News city",VA,182020,182965,182385,181825,179388,178626,179225
"05000US51710","Norfolk city",VA,246139,245428,246393,245115,244703,244076,242742
"05000US51740","Portsmouth city",VA,96205,96004,96201,95252,94572,94632,94398
"05000US51760","Richmond city",VA,214114,217853,220289,223170,227032,228783,230436
"05000US51770","Roanoke city",VA,98465,99428,99897,99660,99837,99920,99143
"05000US51800","Suffolk city",VA,85728,86806,88161,89273,90237,91185,92108
"05000US51810","Virginia Beach city",VA,448479,450980,452745,452602,450435,450189,449974
"05000US53005","Benton County",WA,184486,186486,190309,193686,198171,201877,204390
"05000US53007","Chelan County",WA,73967,74588,75644,76338,76533,77036,77200
"05000US53009","Clallam County",WA,72312,72715,73486,74570,75474,76737,77331
"05000US53011","Clark County",WA,443817,451008,459495,467018,474643,481857,488241
"05000US53015","Cowlitz County",WA,101860,102133,103468,105160,106910,108987,110593
"05000US53021","Franklin County",WA,86638,87809,88807,90160,92125,94347,95222
"05000US53025","Grant County",WA,91878,93147,93259,93546,95158,97331,97733
"05000US53027","Grays Harbor County",WA,71078,70818,71122,71628,72697,73901,75061
"05000US53029","Island County",WA,78801,79275,80593,82636,83159,84460,85141
"05000US53033","King County",WA,2044449,2079967,2117125,2149970,2188649,2233163,2252782
"05000US53035","Kitsap County",WA,253968,254183,260131,264811,266414,269805,271473
"05000US53041","Lewis County",WA,75081,75128,75882,77066,78200,79604,80707
"05000US53045","Mason County",WA,,,,,,65507,66768
"05000US53053","Pierce County",WA,819743,831928,843954,861312,876764,891299,904980
"05000US53057","Skagit County",WA,118837,120365,121846,123681,125619,128206,129205
"05000US53061","Snohomish County",WA,745913,759583,772501,787620,801633,814901,822083
"05000US53063","Spokane County",WA,479398,484318,490945,499072,506152,514631,522798
"05000US53067","Thurston County",WA,262388,265851,269536,275222,280588,286419,290536
"05000US53073","Whatcom County",WA,206353,208351,212284,216800,221404,225685,229247
"05000US53077","Yakima County",WA,247044,247687,248830,249636,250193,251446,250873
"05000US54003","Berkeley County",WV,108706,110497,111901,113525,114920,117123,119171
"05000US54011","Cabell County",WV,97133,97109,96844,95987,94958,93224,91945
"05000US54033","Harrison County",WV,68972,68761,68714,68400,67811,67554,67256
"05000US54039","Kanawha County",WV,191275,190223,188332,186241,183293,180454,178124
"05000US54061","Monongalia County",WV,102274,103463,104236,104622,105030,106420,105612
"05000US54081","Raleigh County",WV,78833,78241,77510,76601,75022,74254,73361
"05000US54107","Wood County",WV,86569,86237,86452,85643,85104,84203,83518
"05000US55009","Brown County",WI,254586,256670,258718,260401,262052,263378,264542
"05000US55025","Dane County",WI,509939,516284,523643,531273,536416,542364,546695
"05000US55027","Dodge County",WI,88344,88574,88502,88068,87786,87847,87839
"05000US55035","Eau Claire County",WI,101438,101564,102105,102965,103671,104534,104646
"05000US55039","Fond du Lac County",WI,101798,101759,101973,102144,102548,103066,103403
"05000US55055","Jefferson County",WI,84509,84395,84559,84625,84832,85129,84769
"05000US55059","Kenosha County",WI,167757,168068,168437,168183,168521,169290,169561
"05000US55063","La Crosse County",WI,116713,118011,118212,118122,118274,118230,118016
"05000US55071","Manitowoc County",WI,80654,80160,79806,79536,79175,79074,78981
"05000US55073","Marathon County",WI,135416,135780,135868,135603,135732,135428,135692
"05000US55079","Milwaukee County",WI,956023,956406,957735,951448,952085,948201,945726
"05000US55087","Outagamie County",WI,180345,182006,183245,184526,186059,187365,187885
"05000US55089","Ozaukee County",WI,87054,87470,87850,88314,88429,89147,89221
"05000US55097","Portage County",WI,70380,70482,70408,70447,70474,70942,70772
"05000US55101","Racine County",WI,195041,195163,195080,195140,196071,196584,196311
"05000US55105","Rock County",WI,160739,161188,161448,161620,162309,163129,163354
"05000US55109","St. Croix County",WI,85930,86759,87513,88029,88703,89694,90687
"05000US55117","Sheboygan County",WI,114922,115290,115569,115427,115344,115456,115340
"05000US55127","Walworth County",WI,102945,103527,102804,102959,103082,103718,103868
"05000US55131","Washington County",WI,132739,133251,133674,134296,135101,135693,136034
"05000US55133","Waukesha County",WI,393843,395118,396488,398424,400621,403072,404198
"05000US55139","Winnebago County",WI,169541,169511,169546,169886,170414,171020,171907
"05000US55141","Wood County",WI,73959,73608,73435,73107,73126,73055,72999
"05000US56021","Laramie County",WY,95809,96389,97121,98136,98327,98976,99500
"05000US56025","Natrona County",WY,80973,81624,82178,81039,79547,79115,79858
"05000US72013","Arecibo Municipio",PR,93396,91540,89648,87939,86066,82114,81966
"05000US72021","Bayam√≥n Municipio",PR,198958,194210,189159,184374,179565,170480,169269
"05000US72025","Caguas Municipio",PR,139559,137032,134481,132164,129604,124434,124606
"05000US72031","Carolina Municipio",PR,169597,165820,161884,158457,154489,147661,146984
"05000US72061","Guaynabo Municipio",PR,94645,92799,90879,89307,87328,83787,83728
"05000US72097","Mayag√ºez Municipio",PR,84170,81915,79510,77748,75525,71986,71530
"05000US72113","Ponce Municipio",PR,157118,153540,149028,145278,140859,133191,131881
"05000US72127","San Juan Municipio",PR,374682,365575,355074,347052,337288,320967,318441
"05000US72135","Toa Alta Municipio",PR,75292,74837,74368,73980,73217,71094,72025
"05000US72137","Toa Baja Municipio",PR,85971,84165,82065,80207,78092,74623,74271
"05000US72139","Trujillo Alto Municipio",PR,72581,71019,69615,68242,66675,63746,63674
"05000US13179","Liberty County",GA,64135,65198,62467,62570,,,
"05000US21195","Pike County",KY,63380,63034,61792,,,,